{
  "cash": 6.918909889463976e-13,
  "position_units": 83.31666916633337,
  "fees_paid": 0.9999000099990001
}
