{
  "feature_cols": [
    "open",
    "high",
    "low",
    "close",
    "volume",
    "sma_10",
    "sma_20",
    "ema_12",
    "ema_26",
    "macd",
    "macd_signal",
    "macd_hist",
    "log_return",
    "ret_1",
    "atr_14",
    "vol_20",
    "bb_width_20",
    "obv",
    "volume_ema_20",
    "hour",
    "dayofweek",
    "day",
    "month",
    "hour_sin",
    "hour_cos",
    "dow_sin",
    "dow_cos",
    "direction_q_low",
    "direction_q_high",
    "atr_pct"
  ],
  "scaler_mean": [
    28923.465088186607,
    28999.601386305494,
    28842.38202121896,
    28923.93461294206,
    1548.4411661146576,
    28918.51723392024,
    28912.56550893153,
    28917.342722814727,
    28909.055777580405,
    8.28694523432736,
    8.263457271081151,
    0.02348796324620741,
    4.511517501966954e-05,
    7.624502729996837e-05,
    170.73448977749118,
    0.006012600686593127,
    0.04048131591021763,
    -228560.68788731573,
    1548.2556194957867,
    11.49948833709556,
    2.999548532731377,
    15.729300225733635,
    6.575440180586908,
    5.715390604005055e-05,
    7.524454476994864e-06,
    -8.802960832343299e-05,
    0.0009963112730280023,
    0.0,
    0.0,
    0.006191229613609901
  ],
  "scaler_scale": [
    24471.31841501546,
    24536.95851777263,
    24404.70281912233,
    24472.33181845649,
    3129.6271132862803,
    24466.937795121652,
    24461.318948855136,
    24464.678718684023,
    24455.632313061444,
    269.2307537278592,
    252.93527674378805,
    82.4791430399099,
    0.007888210224896311,
    0.00790255368225036,
    211.53471737554696,
    0.005132305281514852,
    0.03928173146407183,
    181335.14813193557,
    1927.3384829163208,
    6.9222126216032,
    2.0010154925924266,
    8.797529111741618,
    3.517331737113335,
    0.7071041185753288,
    0.7071094414379016,
    0.7073168305228067,
    0.7068959618457348,
    1.0,
    1.0,
    0.005476862256407121
  ],
  "class_names": [
    "SHORT",
    "FLAT",
    "LONG"
  ],
  "input_dim": 30,
  "hidden_dim": 128,
  "dropout": 0.1,
  "n_classes": 3,
  "artifact_type": "torch_state_dict"
}
